username,comments,comment_score,posts,post_score,total_posts,pay2post,points,blockchain_address
DonutBurner,9,17.714875759039796,0,0.0,0.0,-0.0,17.714875759039796,0x0000000000000000000000000000000000000000
