username,points
aminok,3541.6666666666665
aminok,3541.6666666666665
Basoosh,3541.6666666666665
carlslarson,3541.6666666666665
carlslarson,3541.6666666666665
dont_forget_canada,3541.6666666666665
donut-bot,3541.6666666666665
EthTraderCommunity,3541.6666666666665
Jake123194,3541.6666666666665
Jake123194,3541.6666666666665
mattg1981,3541.6666666666665
mattg1981,3541.6666666666665
nootropicat,3541.6666666666665
raymv1987,3541.6666666666665
raymv1987,3541.6666666666665
reddito321,3541.6666666666665
reddito321,3541.6666666666665
