username,points
carlslarson,8333.333333333334
mattg1981,8333.333333333334
reddito321,8333.333333333334
0xmarcaurel,15000.0
