username,points
aminok,14166.666666666666
carlslarson,14166.666666666666
Jake123194,14166.666666666666
mattg1981,14166.666666666666
raymv1987,14166.666666666666
reddito321,14166.666666666666
