username,points
aminok,12142.857142857143
carlslarson,12142.857142857143
Friendly-Airline2426,12142.857142857143
Jake123194,12142.857142857143
mattg1981,12142.857142857143
raymv1987,12142.857142857143
reddito321,12142.857142857143
