username,comments,comment_score,posts,post_score,total_posts,pay2post,points,blockchain_address
DonutBurner,95,288.10132603912706,1,210.75033317148257,1.0,-250.0,248.85165921060963,0x0000000000000000000000000000000000000000
