username,points
aminok,9444.444444444445
carlslarson,9444.444444444445
Friendly-Airline2426,9444.444444444445
Jake123194,9444.444444444445
mattg1981,9444.444444444445
raymv1987,9444.444444444445
reddito321,9444.444444444445
