username,points
aminok,12142.857142857143
carlslarson,12142.857142857143
Jake123194,12142.857142857143
mattg1981,12142.857142857143
reddito321,12142.857142857143
0xMarcAurel,12142.857142857143
IncompetentDonuts,12142.857142857143
